{
    "xgboost": {
        "train_score": 0.803337740996468,
        "test_score": 0.8119103505716666,
        "full_report": {
            "Accuracy": 0.8176011355571328,
            "F1_score": 0.6248175182481752,
            "Precision": 0.6793650793650794,
            "Recall": 0.5783783783783784,
            "Confusion_Matrix": [
                [
                    938,
                    101
                ],
                [
                    156,
                    214
                ]
            ]
        }
    },
    "Lr": {
        "train_score": 0.8026252125686169,
        "test_score": 0.8119053027434946,
        "full_report": {
            "Accuracy": 0.8097941802696949,
            "F1_score": 0.6070381231671554,
            "Precision": 0.6634615384615384,
            "Recall": 0.5594594594594594,
            "Confusion_Matrix": [
                [
                    934,
                    105
                ],
                [
                    163,
                    207
                ]
            ]
        }
    },
    "RF": {
        "train_score": 0.8019185154948534,
        "test_score": 0.7948815022336639,
        "full_report": {
            "Accuracy": 0.8105039034776437,
            "F1_score": 0.5997001499250375,
            "Precision": 0.6734006734006734,
            "Recall": 0.5405405405405406,
            "Confusion_Matrix": [
                [
                    942,
                    97
                ],
                [
                    170,
                    200
                ]
            ]
        }
    },
    "knn": {
        "train_score": 0.7607406450108037,
        "test_score": 0.770765503142273,
        "full_report": {
            "Accuracy": 0.7863733144073811,
            "F1_score": 0.5825242718446602,
            "Precision": 0.5982905982905983,
            "Recall": 0.5675675675675675,
            "Confusion_Matrix": [
                [
                    898,
                    141
                ],
                [
                    160,
                    210
                ]
            ]
        }
    },
    "Dt": {
        "train_score": 0.7618060491630431,
        "test_score": 0.760806138159057,
        "full_report": {
            "Accuracy": 0.7743080198722498,
            "F1_score": 0.5239520958083832,
            "Precision": 0.587248322147651,
            "Recall": 0.47297297297297297,
            "Confusion_Matrix": [
                [
                    916,
                    123
                ],
                [
                    195,
                    175
                ]
            ]
        }
    }
}