{
    "Lr": {
        "train_score": 0.7438788906558067,
        "test_score": 0.7686126044269453,
        "full_report": {
            "Accuracy": 0.7544357700496807,
            "F1_score": 0.6342494714587738,
            "Precision": 0.5208333333333334,
            "Recall": 0.8108108108108109,
            "Confusion_Matrix": [
                [
                    763,
                    276
                ],
                [
                    70,
                    300
                ]
            ]
        }
    },
    "Dt": {
        "train_score": 0.654953577693337,
        "test_score": 0.7466015496832489,
        "full_report": {
            "Accuracy": 0.652235628105039,
            "F1_score": 0.5797598627787307,
            "Precision": 0.42462311557788945,
            "Recall": 0.9135135135135135,
            "Confusion_Matrix": [
                [
                    581,
                    458
                ],
                [
                    32,
                    338
                ]
            ]
        }
    },
    "RF": {
        "train_score": 0.7889614043161477,
        "test_score": 0.7828096211604957,
        "full_report": {
            "Accuracy": 0.7970191625266146,
            "F1_score": 0.5705705705705706,
            "Precision": 0.6418918918918919,
            "Recall": 0.5135135135135135,
            "Confusion_Matrix": [
                [
                    933,
                    106
                ],
                [
                    180,
                    190
                ]
            ]
        }
    },
    "xgboost": {
        "train_score": 0.7763604785492852,
        "test_score": 0.7714671512581711,
        "full_report": {
            "Accuracy": 0.7977288857345636,
            "F1_score": 0.592274678111588,
            "Precision": 0.6291793313069909,
            "Recall": 0.5594594594594594,
            "Confusion_Matrix": [
                [
                    917,
                    122
                ],
                [
                    163,
                    207
                ]
            ]
        }
    },
    "knn": {
        "train_score": 0.7607406450108037,
        "test_score": 0.770765503142273,
        "full_report": {
            "Accuracy": 0.7863733144073811,
            "F1_score": 0.5825242718446602,
            "Precision": 0.5982905982905983,
            "Recall": 0.5675675675675675,
            "Confusion_Matrix": [
                [
                    898,
                    141
                ],
                [
                    160,
                    210
                ]
            ]
        }
    }
}