{
<<<<<<< HEAD
=======
    "Lr": {
        "train_score": 0.7438788906558067,
        "test_score": 0.7686126044269453,
        "full_report": {
            "Accuracy": 0.7544357700496807,
            "F1_score": 0.6342494714587738,
            "Precision": 0.5208333333333334,
            "Recall": 0.8108108108108109,
            "Confusion_Matrix": [
                [
                    763,
                    276
                ],
                [
                    70,
                    300
                ]
            ]
        }
    },
    "Dt": {
        "train_score": 0.654953577693337,
        "test_score": 0.7466015496832489,
        "full_report": {
            "Accuracy": 0.652235628105039,
            "F1_score": 0.5797598627787307,
            "Precision": 0.42462311557788945,
            "Recall": 0.9135135135135135,
            "Confusion_Matrix": [
                [
                    581,
                    458
                ],
                [
                    32,
                    338
                ]
            ]
        }
    },
    "RF": {
        "train_score": 0.7909142775188691,
        "test_score": 0.7814012771005274,
        "full_report": {
            "Accuracy": 0.7955997161107168,
            "F1_score": 0.558282208588957,
            "Precision": 0.6453900709219859,
            "Recall": 0.4918918918918919,
            "Confusion_Matrix": [
                [
                    939,
                    100
                ],
                [
                    188,
                    182
                ]
            ]
        }
    },
>>>>>>> d9fce202e651b27630c772bc1c032d56e5014d69
    "xgboost": {
        "train_score": 0.803337740996468,
        "test_score": 0.8119103505716666,
        "full_report": {
            "Accuracy": 0.8176011355571328,
            "F1_score": 0.6248175182481752,
            "Precision": 0.6793650793650794,
            "Recall": 0.5783783783783784,
            "Confusion_Matrix": [
                [
                    938,
                    101
                ],
                [
                    156,
                    214
                ]
            ]
        }
    },
    "Lr": {
        "train_score": 0.8026252125686169,
        "test_score": 0.8119053027434946,
        "full_report": {
            "Accuracy": 0.8097941802696949,
            "F1_score": 0.6070381231671554,
            "Precision": 0.6634615384615384,
            "Recall": 0.5594594594594594,
            "Confusion_Matrix": [
                [
                    934,
                    105
                ],
                [
                    163,
                    207
                ]
            ]
        }
    },
    "knn": {
        "train_score": 0.7831034151246412,
        "test_score": 0.795585674263648,
        "full_report": {
            "Accuracy": 0.7984386089425124,
            "F1_score": 0.6033519553072626,
            "Precision": 0.6242774566473989,
            "Recall": 0.5837837837837838,
            "Confusion_Matrix": [
                [
                    909,
                    130
                ],
                [
                    154,
                    216
                ]
            ]
        }
    },
    "RF": {
        "train_score": 0.8004985019724161,
        "test_score": 0.7948815022336639,
        "full_report": {
            "Accuracy": 0.8090844570617459,
            "F1_score": 0.5942684766214178,
            "Precision": 0.6723549488054608,
            "Recall": 0.5324324324324324,
            "Confusion_Matrix": [
                [
                    943,
                    96
                ],
                [
                    173,
                    197
                ]
            ]
        }
    },
    "Dt": {
        "train_score": 0.7626936758176898,
        "test_score": 0.760101966129073,
        "full_report": {
            "Accuracy": 0.7735982966643009,
            "F1_score": 0.5217391304347826,
            "Precision": 0.5858585858585859,
            "Recall": 0.4702702702702703,
            "Confusion_Matrix": [
                [
                    916,
                    123
                ],
                [
                    196,
                    174
                ]
            ]
        }
    }
}