{
    "xgboost": {
        "train_score": 0.803337740996468,
        "test_score": 0.8119103505716666,
        "full_report": {
            "Accuracy": 0.8176011355571328,
            "F1_score": 0.6248175182481752,
            "Precision": 0.6793650793650794,
            "Recall": 0.5783783783783784,
            "Confusion_Matrix": [
                [
                    938,
                    101
                ],
                [
                    156,
                    214
                ]
            ]
        }
    },
    "LR": {
        "train_score": 0.8026252125686169,
        "test_score": 0.8119053027434946,
        "full_report": {
            "Accuracy": 0.8097941802696949,
            "F1_score": 0.6070381231671554,
            "Precision": 0.6634615384615384,
            "Recall": 0.5594594594594594,
            "Confusion_Matrix": [
                [
                    934,
                    105
                ],
                [
                    163,
                    207
                ]
            ]
        }
    },
    "knn": {
        "train_score": 0.7831034151246412,
        "test_score": 0.795585674263648,
        "full_report": {
            "Accuracy": 0.7984386089425124,
            "F1_score": 0.6033519553072626,
            "Precision": 0.6242774566473989,
            "Recall": 0.5837837837837838,
            "Confusion_Matrix": [
                [
                    909,
                    130
                ],
                [
                    154,
                    216
                ]
            ]
        }
    },
    "RF": {
        "train_score": 0.8028050389203484,
        "test_score": 0.794172282375508,
        "full_report": {
            "Accuracy": 0.8097941802696949,
            "F1_score": 0.5988023952095808,
            "Precision": 0.6711409395973155,
            "Recall": 0.5405405405405406,
            "Confusion_Matrix": [
                [
                    941,
                    98
                ],
                [
                    170,
                    200
                ]
            ]
        }
    },
    "Dt": {
        "train_score": 0.7600314262704078,
        "test_score": 0.765071552964337,
        "full_report": {
            "Accuracy": 0.7757274662881476,
            "F1_score": 0.5269461077844312,
            "Precision": 0.5906040268456376,
            "Recall": 0.4756756756756757,
            "Confusion_Matrix": [
                [
                    917,
                    122
                ],
                [
                    194,
                    176
                ]
            ]
        }
    }
}