{
    "Lr": {
        "train_score": 0.7438788906558067,
        "test_score": 0.7686126044269453,
        "full_report": {
            "Accuracy": 0.7544357700496807,
            "F1_score": 0.6342494714587738,
            "Precision": 0.5208333333333334,
            "Recall": 0.8108108108108109,
            "Confusion_Matrix": [
                [
                    763,
                    276
                ],
                [
                    70,
                    300
                ]
            ]
        }
    },
    "Dt": {
        "train_score": 0.654953577693337,
        "test_score": 0.7466015496832489,
        "full_report": {
            "Accuracy": 0.652235628105039,
            "F1_score": 0.5797598627787307,
            "Precision": 0.42462311557788945,
            "Recall": 0.9135135135135135,
            "Confusion_Matrix": [
                [
                    581,
                    458
                ],
                [
                    32,
                    338
                ]
            ]
        }
    },
    "RF": {
        "train_score": 0.7909142775188691,
        "test_score": 0.7814012771005274,
        "full_report": {
            "Accuracy": 0.7955997161107168,
            "F1_score": 0.558282208588957,
            "Precision": 0.6453900709219859,
            "Recall": 0.4918918918918919,
            "Confusion_Matrix": [
                [
                    939,
                    100
                ],
                [
                    188,
                    182
                ]
            ]
        }
    },
    "xgboost": {
        "train_score": 0.7763604785492852,
        "test_score": 0.7714671512581711,
        "full_report": {
            "Accuracy": 0.7977288857345636,
            "F1_score": 0.592274678111588,
            "Precision": 0.6291793313069909,
            "Recall": 0.5594594594594594,
            "Confusion_Matrix": [
                [
                    917,
                    122
                ],
                [
                    163,
                    207
                ]
            ]
        }
    },
    "knn": {
        "train_score": 0.7607406450108037,
        "test_score": 0.770765503142273,
        "full_report": {
            "Accuracy": 0.7863733144073811,
            "F1_score": 0.5825242718446602,
            "Precision": 0.5982905982905983,
            "Recall": 0.5675675675675675,
            "Confusion_Matrix": [
                [
                    898,
                    141
                ],
                [
                    160,
                    210
                ]
            ]
        }
    }
}